sim_t,wall_t
36.600,1790670751.688
37.600,1790670767.648
38.600,1790670769.750
39.600,1790670771.307
40.600,1790670773.058
41.600,1790670779.579
42.600,1790670781.002
43.600,1790670782.303
44.600,1790670783.850
45.600,1790670785.424
46.600,1790670787.155
47.600,1790670788.854
48.600,1790670790.605
49.600,1790670793.135
50.633,1790670794.625
51.633,1790670796.160
52.633,1790670797.712
53.633,1790670799.251
54.667,1790670800.991
55.700,1790670803.295
56.767,1790670805.560
57.833,1790670807.656
58.833,1790670810.178
59.867,1790670813.333
60.867,1790670815.636
61.933,1790670818.564
62.933,1790670821.201
63.933,1790670822.978
65.033,1790670825.085
66.100,1790670827.187
67.133,1790670828.901
68.200,1790670830.794
69.200,1790670833.055
70.233,1790670839.479
71.233,1790670842.548
72.333,1790670846.734
73.333,1790670849.720
74.433,1790670853.650
75.500,1790670856.483
76.500,1790670858.714
77.500,1790670861.792
78.533,1790670864.441
79.567,1790670867.570
80.667,1790670870.371
81.733,1790670872.629
82.767,1790670874.756
83.767,1790670876.676
84.767,1790670878.782
85.800,1790670880.641
86.833,1790670883.004
87.833,1790670884.784
88.900,1790670886.558
89.900,1790670888.256
90.900,1790670890.475
91.933,1790670892.215
92.933,1790670893.925
93.933,1790670895.562
94.933,1790670897.332
95.933,1790670898.916
96.967,1790670900.725
97.967,1790670902.325
99.033,1790670904.712
100.033,1790670906.340
101.067,1790670908.120
102.100,1790670909.750
103.133,1790670912.013
104.167,1790670913.757
105.233,1790670915.670
106.300,1790670918.085
107.333,1790670919.821
108.367,1790670921.630
109.367,1790670923.483
110.367,1790670925.309
111.467,1790670927.294
112.467,1790670929.046
113.500,1790670930.826
114.567,1790670932.623
115.567,1790670934.557
116.633,1790670936.321
117.667,1790670938.138
118.700,1790670939.939
119.700,1790670941.521
120.733,1790670943.585
121.800,1790670945.555
122.833,1790670947.356
123.833,1790670949.037
124.867,1790670950.897
125.867,1790670952.567
126.867,1790670954.281
127.933,1790670956.206
128.933,1790670957.881
129.967,1790670959.615
131.067,1790670961.470
132.100,1790670963.570
133.100,1790670965.230
134.167,1790670966.983
135.233,1790670968.793
136.267,1790670971.077
137.367,1790670973.019
138.433,1790670975.066
139.433,1790670976.902
140.433,1790670978.587
141.500,1790670980.660
142.500,1790670982.396
143.633,1790670984.276
144.633,1790670985.864
145.700,1790670988.185
146.700,1790670989.985
147.700,1790670991.654
148.767,1790670993.456
149.833,1790670995.217
150.833,1790670996.755
151.833,1790670998.572
152.867,1790671000.345
153.933,1790671002.149
155.000,1790671003.936
156.100,1790671005.733
157.167,1790671007.541
158.267,1790671009.529
159.300,1790671011.384
160.333,1790671013.109
161.433,1790671015.014
162.533,1790671017.226
163.633,1790671019.094
164.700,1790671020.979
165.700,1790671022.652
166.733,1790671024.458
167.867,1790671026.732
168.900,1790671028.536
169.933,1790671030.183
171.000,1790671032.027
172.033,1790671034.247
173.033,1790671035.905
174.067,1790671037.718
175.100,1790671039.505
176.167,1790671041.388
177.167,1790671043.541
178.167,1790671045.201
179.267,1790671046.996
180.267,1790671048.514
181.300,1790671050.601
182.400,1790671052.444
183.433,1790671054.361
184.433,1790671056.049
185.500,1790671058.428
186.533,1790671060.337
187.633,1790671062.227
188.700,1790671064.187
189.733,1790671065.842
190.833,1790671067.645
191.900,1790671069.634
192.933,1790671071.278
193.933,1790671072.932
194.967,1790671075.286
196.033,1790671076.997
197.067,1790671078.708
198.100,1790671080.440
199.100,1790671082.107
200.167,1790671083.895
201.267,1790671085.729
202.300,1790671088.607
203.400,1790671090.507
204.433,1790671092.097
205.433,1790671093.799
206.467,1790671096.169
207.567,1790671097.981
208.633,1790671099.799
209.700,1790671102.248
210.767,1790671104.002
211.867,1790671105.874
212.867,1790671107.646
213.967,1790671109.952
215.033,1790671111.625
216.067,1790671113.403
217.133,1790671115.124
218.167,1790671117.412
219.167,1790671119.129
220.267,1790671120.886
221.267,1790671123.184
222.267,1790671124.648
223.267,1790671126.355
224.367,1790671128.233
225.433,1790671130.601
226.467,1790671132.334
227.567,1790671134.419
228.567,1790671135.994
229.567,1790671138.156
230.567,1790671139.802
231.567,1790671141.427
232.600,1790671143.178
233.600,1790671145.392
234.600,1790671146.971
235.667,1790671148.789
236.667,1790671150.510
237.767,1790671152.925
238.767,1790671154.593
239.767,1790671156.188
240.767,1790671157.755
241.800,1790671159.628
242.833,1790671161.953
243.867,1790671163.648
244.933,1790671165.406
245.933,1790671167.681
246.967,1790671169.564
247.967,1790671171.308
249.033,1790671172.987
250.033,1790671174.585
251.100,1790671176.443
252.200,1790671178.409
253.233,1790671180.043
254.267,1790671181.719
255.300,1790671183.320
256.300,1790671185.084
257.433,1790671187.432
258.433,1790671189.077
259.467,1790671190.856
260.533,1790671192.657
261.567,1790671194.534
262.567,1790671196.081
263.633,1790671197.946
264.667,1790671200.172
265.667,1790671201.907
266.700,1790671203.622
267.700,1790671205.267
268.733,1790671207.078
269.800,1790671209.120
270.900,1790671211.835
271.933,1790671213.613
273.067,1790671216.024
274.133,1790671217.918
275.200,1790671219.830
276.233,1790671221.488
277.233,1790671223.238
278.233,1790671224.858
279.267,1790671226.509
280.333,1790671228.305
281.433,1790671230.119
282.433,1790671231.898
283.433,1790671233.761
284.533,1790671235.604
285.533,1790671237.302
286.567,1790671239.458
287.600,1790671241.168
288.600,1790671242.764
289.700,1790671245.297
290.733,1790671246.933
291.800,1790671248.736
292.867,1790671250.414
293.867,1790671252.058
294.867,1790671253.844
295.867,1790671255.644
296.900,1790671257.531
297.967,1790671259.217
299.000,1790671260.939
300.000,1790671263.204
301.000,1790671264.889
302.000,1790671266.587
303.000,1790671268.188
304.167,1790671270.523
305.267,1790671272.500
306.300,1790671274.381
307.367,1790671276.196
308.433,1790671277.946
309.467,1790671279.999
310.567,1790671281.744
311.633,1790671283.525
312.633,1790671285.190
313.633,1790671287.417
314.667,1790671289.220
315.733,1790671291.063
316.867,1790671293.517
317.900,1790671295.249
318.900,1790671296.870
319.900,1790671298.501
320.967,1790671300.768
322.033,1790671302.577
323.033,1790671304.216
324.100,1790671305.997
325.167,1790671308.354
326.267,1790671309.987
327.300,1790671311.771
328.333,1790671313.404
329.367,1790671315.545
330.433,1790671317.308
331.467,1790671318.959
332.567,1790671320.804
333.633,1790671322.457
334.667,1790671324.268
335.667,1790671325.891
336.667,1790671327.785
337.667,1790671329.442
338.733,1790671331.239
339.733,1790671333.482
340.767,1790671335.131
341.867,1790671337.014
342.967,1790671338.760
343.967,1790671340.883
344.967,1790671342.558
345.967,1790671344.329
347.067,1790671346.078
348.067,1790671347.844
349.167,1790671349.741
350.167,1790671351.622
351.233,1790671353.299
352.233,1790671354.979
353.233,1790671356.800
354.333,1790671358.941
355.433,1790671360.713
356.500,1790671362.485
357.533,1790671364.297
358.600,1790671366.425
359.600,1790671368.018
360.600,1790671369.628
361.667,1790671371.404
362.667,1790671372.995
363.733,1790671375.059
364.733,1790671376.707
365.733,1790671378.418
366.833,1790671380.158
367.900,1790671382.491
368.900,1790671384.154
369.900,1790671385.762
370.967,1790671387.562
372.000,1790671389.724
373.000,1790671391.517
374.100,1790671393.418
375.233,1790671395.136
376.233,1790671396.808
377.267,1790671398.513
378.300,1790671400.420
379.367,1790671402.234
380.433,1790671404.044
381.433,1790671405.901
382.500,1790671408.096
383.533,1790671409.898
384.633,1790671411.678
385.633,1790671413.275
386.700,1790671415.393
387.733,1790671417.154
388.733,1790671418.798
389.733,1790671420.666
390.767,1790671422.895
391.800,1790671424.535
392.833,1790671426.159
393.967,1790671428.652
394.967,1790671430.439
396.000,1790671432.109
397.100,1790671433.917
398.167,1790671436.203
399.233,1790671437.845
400.300,1790671439.703
401.367,1790671441.462
402.433,1790671443.754
403.467,1790671445.565
404.500,1790671447.266
405.533,1790671448.923
406.567,1790671450.640
407.633,1790671452.285
408.733,1790671454.129
409.867,1790671456.341
410.867,1790671457.963
411.933,1790671459.873
413.033,1790671461.615
414.100,1790671463.859
415.200,1790671465.655
416.200,1790671467.257
417.367,1790671469.720
418.367,1790671471.507
419.433,1790671473.253
420.467,1790671475.102
421.500,1790671477.300
422.567,1790671479.132
423.567,1790671480.848
424.567,1790671482.451
425.633,1790671484.745
426.667,1790671486.583
427.667,1790671488.218
428.667,1790671489.877
429.767,1790671491.646
430.767,1790671493.349
431.867,1790671495.000
432.967,1790671497.340
433.967,1790671498.961
434.967,1790671500.546
436.033,1790671502.501
437.167,1790671504.338
438.167,1790671506.062
439.167,1790671507.752
440.167,1790671509.842
441.200,1790671511.597
442.267,1790671513.304
443.267,1790671515.092
444.300,1790671516.874
445.333,1790671518.938
446.400,1790671520.743
447.400,1790671522.386
448.500,1790671524.941
449.533,1790671526.682
450.633,1790671528.497
451.633,1790671530.139
452.700,1790671532.452
453.767,1790671534.274
454.800,1790671536.089
455.867,1790671538.308
456.933,1790671540.211
458.033,1790671542.036
459.100,1790671543.947
460.167,1790671545.895
461.233,1790671547.717
462.267,1790671549.735
463.300,1790671551.386
464.300,1790671553.021
465.433,1790671554.859
466.500,1790671557.170
467.567,1790671559.036
468.567,1790671560.852
469.633,1790671562.513
470.733,1790671564.830
471.767,1790671566.659
472.867,1790671568.536
473.967,1790671570.946
475.000,1790671572.653
476.067,1790671574.411
477.067,1790671576.107
478.067,1790671578.379
479.167,1790671580.224
480.233,1790671582.046
481.333,1790671584.015
482.400,1790671585.865
483.433,1790671587.655
484.433,1790671589.451
485.500,1790671591.740
486.567,1790671593.605
487.600,1790671595.399
488.633,1790671597.104
489.700,1790671598.949
490.767,1790671600.601
491.767,1790671602.423
492.767,1790671604.008
493.833,1790671605.871
494.867,1790671607.521
495.867,1790671609.257
496.933,1790671611.067
497.933,1790671612.794
499.133,1790671615.105
500.233,1790671616.899
501.233,1790671618.583
502.267,1790671620.299
503.267,1790671622.483
504.300,1790671624.150
505.367,1790671626.011
506.433,1790671627.660
507.467,1790671629.989
508.533,1790671631.788
509.600,1790671633.499
510.633,1790671635.274
511.700,1790671636.906
512.700,1790671638.551
513.700,1790671640.186
514.700,1790671642.279
515.733,1790671644.119
516.800,1790671645.787
517.900,1790671647.606
519.033,1790671649.954
520.033,1790671651.682
521.100,1790671653.476
522.167,1790671655.252
523.267,1790671657.554
524.267,1790671659.370
525.367,1790671661.264
526.400,1790671663.074
527.467,1790671665.187
528.533,1790671666.949
529.567,1790671668.913
530.667,1790671670.511
531.700,1790671672.956
532.700,1790671674.625
533.700,1790671676.072
534.800,1790671678.473
535.900,1790671680.358
537.000,1790671681.992
538.100,1790671683.685
539.100,1790671685.299
540.100,1790671687.418
541.233,1790671689.355
542.267,1790671691.107
543.267,1790671692.808
544.367,1790671694.654
545.433,1790671696.565
546.500,1790671698.377
547.500,1790671700.120
548.500,1790671701.892
549.600,1790671703.979
550.667,1790671705.906
551.667,1790671708.172
552.733,1790671710.005
553.767,1790671711.944
554.867,1790671714.447
555.867,1790671716.018
556.867,1790671717.613
557.900,1790671719.307
559.000,1790671721.136
560.000,1790671722.759
561.100,1790671724.581
562.167,1790671726.735
563.267,1790671728.555
564.267,1790671730.187
565.267,1790671731.809
566.300,1790671733.449
567.300,1790671735.453
568.367,1790671737.155
569.467,1790671739.013
570.467,1790671740.655
571.467,1790671742.679
572.500,1790671744.400
573.567,1790671746.071
574.600,1790671747.882
575.667,1790671749.715
576.767,1790671751.906
577.867,1790671753.712
578.900,1790671755.375
579.967,1790671757.258
581.067,1790671759.345
582.133,1790671761.158
583.133,1790671762.754
584.167,1790671765.095
585.167,1790671766.730
586.267,1790671768.610
587.267,1790671770.261
588.333,1790671772.552
589.333,1790671774.338
590.467,1790671776.250
591.500,1790671778.016
592.633,1790671780.384
593.733,1790671782.448
594.767,1790671784.204
595.800,1790671785.946
596.933,1790671788.368
597.967,1790671790.093
599.000,1790671791.754
600.133,1790671794.128
601.167,1790671795.848
602.167,1790671797.949
603.233,1790671799.746
604.233,1790671801.509
605.300,1790671803.305
606.367,1790671805.134
607.467,1790671806.985
608.533,1790671808.838
609.533,1790671810.650
610.633,1790671812.909
611.700,1790671814.745
612.733,1790671816.385
613.833,1790671818.635
614.867,1790671820.500
615.967,1790671822.204
617.033,1790671823.869
618.033,1790671825.572
619.033,1790671827.166
620.067,1790671829.274
621.067,1790671830.827
622.167,1790671832.618
623.167,1790671834.449
624.167,1790671836.365
625.233,1790671838.173
626.233,1790671839.811
627.333,1790671842.148
628.367,1790671843.871
629.433,1790671845.660
630.433,1790671847.411
631.500,1790671849.654
632.633,1790671851.640
633.633,1790671853.345
634.767,1790671855.285
635.800,1790671857.426
636.867,1790671859.063
637.933,1790671860.904
638.967,1790671862.660
640.033,1790671864.638
641.133,1790671866.546
642.133,1790671868.287
643.200,1790671870.170
644.200,1790671871.824
645.300,1790671873.590
646.367,1790671875.353
647.367,1790671877.119
648.433,1790671878.994
649.500,1790671881.329
650.567,1790671883.034
651.633,1790671884.801
652.733,1790671886.671
653.833,1790671889.058
654.867,1790671890.857
655.867,1790671892.568
657.033,1790671895.140
658.133,1790671897.088
659.133,1790671898.739
660.200,1790671900.403
661.267,1790671902.278
662.400,1790671904.568
663.433,1790671906.459
664.467,1790671908.181
665.533,1790671910.459
666.567,1790671912.237
667.600,1790671913.861
668.633,1790671915.511
669.667,1790671917.827
670.667,1790671919.549
671.700,1790671921.212
672.767,1790671923.005
673.867,1790671925.463
674.900,1790671927.104
676.033,1790671928.966
677.067,1790671931.235
678.067,1790671932.916
679.067,1790671934.586
680.100,1790671936.206
681.167,1790671938.106
682.200,1790671940.104
683.200,1790671941.683
684.200,1790671943.353
685.300,1790671945.089
686.333,1790671946.829
687.433,1790671949.106
688.433,1790671950.912
689.433,1790671952.620
690.533,1790671954.501
691.600,1790671956.254
692.600,1790671958.300
693.700,1790671960.125
694.700,1790671961.873
695.800,1790671964.434
696.900,1790671966.267
697.900,1790671967.779
699.033,1790671969.595
700.067,1790671971.846
701.100,1790671973.572
702.133,1790671975.306
703.267,1790671977.705
704.367,1790671979.551
705.367,1790671981.212
706.400,1790671982.878
707.500,1790671985.229
708.567,1790671987.158
709.567,1790671988.777
710.667,1790671990.640
711.700,1790671992.962
712.767,1790671994.799
713.833,1790671996.516
714.867,1790671998.267
715.900,1790671999.917
716.900,1790672001.634
717.967,1790672003.590
719.067,1790672005.491
720.133,1790672007.798
721.133,1790672009.560
722.133,1790672011.234
723.133,1790672012.856
724.133,1790672014.500
725.233,1790672016.682
726.267,1790672018.512
727.333,1790672020.261
728.433,1790672022.143
729.433,1790672024.295
730.500,1790672026.235
731.500,1790672027.999
732.567,1790672029.907
733.600,1790672031.688
734.633,1790672033.436
735.667,1790672035.162
736.700,1790672036.849
737.833,1790672038.825
738.833,1790672040.444
739.900,1790672042.141
741.000,1790672044.340
742.033,1790672046.095
743.067,1790672047.856
744.067,1790672049.477
745.167,1790672051.817
746.200,1790672053.639
747.233,1790672055.423
748.233,1790672057.253
749.333,1790672059.546
750.333,1790672061.321
751.333,1790672062.951
752.433,1790672064.803
753.433,1790672066.868
754.433,1790672068.344
755.433,1790672070.256
756.433,1790672071.961
757.533,1790672073.909
758.567,1790672075.654
759.600,1790672077.287
760.633,1790672078.907
761.633,1790672080.524
762.667,1790672082.208
763.700,1790672084.440
764.767,1790672086.257
765.800,1790672087.923
766.900,1790672090.355
767.933,1790672092.309
768.967,1790672094.052
769.967,1790672095.762
771.067,1790672098.156
772.167,1790672099.960
773.233,1790672101.625
774.233,1790672103.298
775.300,1790672105.599
776.300,1790672107.228
777.367,1790672108.827
778.433,1790672111.304
779.500,1790672113.015
780.600,1790672114.894
781.600,1790672116.526
782.667,1790672118.923
783.767,1790672120.766
784.767,1790672122.370
785.833,1790672124.190
786.867,1790672126.385
787.867,1790672128.077
788.900,1790672129.752
789.900,1790672131.488
791.033,1790672133.403
792.133,1790672135.811
793.233,1790672137.805
794.233,1790672139.449
795.233,1790672141.277
796.233,1790672143.092
797.267,1790672144.810
798.267,1790672146.493
799.333,1790672148.171
800.400,1790672149.982
801.400,1790672151.643
802.433,1790672153.598
803.500,1790672155.419
804.500,1790672156.893
805.533,1790672159.257
806.600,1790672160.982
807.633,1790672162.745
808.667,1790672164.614
809.700,1790672166.913
810.700,1790672168.595
811.800,1790672170.423
812.867,1790672172.264
813.867,1790672174.417
814.967,1790672176.182
816.033,1790672177.862
817.033,1790672179.597
818.100,1790672181.429
819.167,1790672183.724
820.233,1790672185.382
821.267,1790672187.297
822.267,1790672189.464
823.300,1790672191.184
824.433,1790672193.112
825.467,1790672194.988
826.500,1790672197.271
827.567,1790672199.213
828.633,1790672200.964
829.667,1790672202.624
830.700,1790672204.342
831.733,1790672206.002
832.767,1790672207.804
833.767,1790672209.562
834.867,1790672211.686
835.967,1790672213.501
837.033,1790672215.229
838.100,1790672217.516
839.200,1790672219.289
840.233,1790672220.951
841.233,1790672222.644
842.267,1790672224.791
843.367,1790672226.584
844.433,1790672228.382
845.500,1790672230.224
846.600,1790672232.742
847.633,1790672234.466
848.667,1790672236.265
849.767,1790672238.672
850.867,1790672240.521
851.933,1790672242.338
853.033,1790672244.067
854.033,1790672246.260
855.033,1790672247.899
856.033,1790672249.557
857.033,1790672251.133
858.100,1790672253.446
859.133,1790672255.158
860.167,1790672256.940
861.200,1790672258.665
862.267,1790672260.835
863.267,1790672262.659
864.367,1790672264.564
865.400,1790672266.223
866.467,1790672268.509
867.567,1790672270.409
868.633,1790672272.205
869.633,1790672273.929
870.633,1790672275.724
871.667,1790672277.796
872.733,1790672279.709
873.767,1790672281.369
874.767,1790672282.998
875.800,1790672285.123
876.900,1790672286.953
877.967,1790672288.769
879.033,1790672291.086
880.100,1790672292.974
881.100,1790672294.627
882.233,1790672296.563
883.233,1790672298.142
884.267,1790672300.235
885.267,1790672301.813
886.267,1790672303.382
887.267,1790672304.847
888.267,1790672306.301
889.267,1790672307.806
890.267,1790672309.391
891.267,1790672310.949
892.267,1790672312.535
893.267,1790672314.021
